customer_id,customer_name,city,country,signup_date
1,James Wilson,New York,USA,2024-06-21
2,Noah Thomas,Lagos,Nigeria,2023-02-16
3,Noah Davis,New York,USA,2023-10-15
4,James Martin,Melbourne,Australia,2023-01-16
5,David Anderson,Vancouver,Canada,2024-12-11
6,Samuel Thomas,Toronto,Canada,2024-02-05
7,Michael Wilson,Accra,Ghana,2023-03-27
8,Olivia Thomas,Manchester,UK,2023-09-07
9,David Taylor,Accra,Ghana,2024-01-26
10,Michael Johnson,London,UK,2023-12-01
11,Olivia Taylor,New York,USA,2024-09-20
12,Mary Davis,Vancouver,Canada,2024-06-02
13,John Martin,Chicago,USA,2023-05-17
14,Emma White,Paris,France,2024-11-18
15,John Martin,Melbourne,Australia,2024-05-12
16,Grace Brown,Toronto,Canada,2024-12-27
17,Grace Anderson,Berlin,Germany,2024-04-21
18,Sarah White,Melbourne,Australia,2024-08-16
19,David Davis,Lagos,Nigeria,2023-08-11
20,David Anderson,Chicago,USA,2024-01-07
21,Michael White,Paris,France,2024-02-06
22,James Johnson,Chicago,USA,2024-03-18
23,Sarah White,Manchester,UK,2024-05-04
24,Grace Johnson,New York,USA,2024-09-06
25,Sophia White,Toronto,Canada,2023-09-30
26,Sophia Davis,Sydney,Australia,2024-06-09
27,Mary Wilson,New York,USA,2023-06-08
28,Grace Anderson,Sydney,Australia,2023-06-01
29,Grace Thomas,Accra,Ghana,2024-09-11
30,David Smith,Paris,France,2023-07-07
31,Sarah Johnson,Vancouver,Canada,2023-04-08
32,Olivia Wilson,Berlin,Germany,2023-05-11
33,Mary Taylor,London,UK,2023-06-20
34,Emma Martin,New York,USA,2023-07-02
35,Sarah Taylor,Toronto,Canada,2023-12-30
36,Noah Johnson,Lagos,Nigeria,2023-02-08
37,Sophia Johnson,Lagos,Nigeria,2024-06-10
38,Sophia Wilson,Chicago,USA,2024-05-11
39,Ava Thomas,Toronto,Canada,2024-05-30
40,Ava Anderson,Paris,France,2023-12-15
41,Grace White,Accra,Ghana,2024-02-01
42,Ava Thomas,Sydney,Australia,2024-12-22
43,Michael Johnson,Chicago,USA,2023-06-10
44,Michael Thomas,Lagos,Nigeria,2023-01-16
45,Sophia White,London,UK,2024-05-07
46,Grace White,London,UK,2024-03-01
47,Noah Smith,New York,USA,2023-04-18
48,Daniel Anderson,Paris,France,2024-03-25
49,Daniel Thomas,Vancouver,Canada,2023-11-07
50,John Thomas,Lagos,Nigeria,2023-06-19
51,Olivia Brown,Paris,France,2024-06-29
52,John Thomas,Accra,Ghana,2024-02-18
53,David Brown,Sydney,Australia,2023-09-08
54,John Davis,Toronto,Canada,2023-05-21
55,Sophia Anderson,Lagos,Nigeria,2023-10-01
56,Sophia White,London,UK,2024-02-20
57,Grace Anderson,Toronto,Canada,2024-08-30
58,Daniel Thomas,Toronto,Canada,2023-02-08
59,Grace Johnson,Toronto,Canada,2023-01-29
60,John Anderson,London,UK,2024-04-21
61,James Thomas,Accra,Ghana,2023-11-14
62,Michael Brown,Melbourne,Australia,2023-09-02
63,Grace Thomas,Manchester,UK,2024-11-27
64,Emma Brown,Sydney,Australia,2023-09-29
65,John Brown,Melbourne,Australia,2024-03-15
66,Michael Brown,Sydney,Australia,2023-08-27
67,John Davis,Chicago,USA,2024-01-12
68,Sophia Anderson,Paris,France,2023-09-23
69,Ava Anderson,Paris,France,2023-12-25
70,Samuel White,Berlin,Germany,2023-12-06
71,Sophia Martin,Paris,France,2024-01-24
72,Grace Brown,London,UK,2024-07-30
73,James Smith,Vancouver,Canada,2024-11-19
74,Sarah Wilson,New York,USA,2023-01-03
75,Ava Davis,Berlin,Germany,2024-03-04
76,James Anderson,New York,USA,2023-05-22
77,Noah Wilson,Sydney,Australia,2024-01-11
78,Noah Anderson,New York,USA,2024-10-31
79,Samuel Brown,New York,USA,2023-11-20
80,Emma Johnson,Berlin,Germany,2023-05-26
81,Sophia White,Chicago,USA,2023-10-20
82,Michael Taylor,Toronto,Canada,2024-10-26
83,Grace Wilson,Paris,France,2024-03-07
84,Ava Martin,Paris,France,2024-12-05
85,James White,London,UK,2024-08-07
86,James Smith,Berlin,Germany,2024-02-03
87,John White,London,UK,2023-12-10
88,Samuel White,Vancouver,Canada,2023-05-20
89,Sarah White,Vancouver,Canada,2023-07-06
90,David Anderson,London,UK,2023-03-02
91,Emma Thomas,Berlin,Germany,2024-01-15
92,Samuel White,London,UK,2024-12-10
93,Ava Davis,Paris,France,2024-03-15
94,John Brown,Melbourne,Australia,2023-11-15
95,Sophia Thomas,Manchester,UK,2023-10-29
96,Samuel Taylor,New York,USA,2023-12-10
97,Olivia White,Manchester,UK,2023-01-11
98,Sarah Smith,Berlin,Germany,2023-03-03
99,Ava Smith,Accra,Ghana,2023-08-14
100,Sophia Wilson,Manchester,UK,2023-06-02
101,Grace Anderson,Vancouver,Canada,2024-12-11
102,Mary Brown,Sydney,Australia,2024-07-17
103,John Davis,New York,USA,2024-07-24
104,John Thomas,Toronto,Canada,2024-08-06
105,John Smith,Accra,Ghana,2024-10-21
106,Mary Johnson,Berlin,Germany,2024-07-28
107,Grace Taylor,New York,USA,2023-11-06
108,James Davis,Manchester,UK,2023-08-31
109,John Smith,Vancouver,Canada,2024-05-07
110,David Johnson,Chicago,USA,2024-01-01
111,Michael Martin,Melbourne,Australia,2023-11-26
112,Emma Anderson,Toronto,Canada,2023-04-17
113,Sarah Anderson,Accra,Ghana,2023-08-14
114,Samuel Thomas,Melbourne,Australia,2023-08-06
115,Samuel Smith,New York,USA,2024-05-20
116,Emma Thomas,Vancouver,Canada,2023-09-16
117,Michael Wilson,Vancouver,Canada,2024-05-31
118,Mary Taylor,Manchester,UK,2023-02-23
119,Emma Smith,Paris,France,2023-02-16
120,Daniel Taylor,Manchester,UK,2024-12-27
121,Noah Brown,Paris,France,2024-11-19
122,Sarah Wilson,Paris,France,2024-06-04
123,David Martin,Toronto,Canada,2023-04-09
124,David Brown,Manchester,UK,2023-01-20
125,Sarah Anderson,Lagos,Nigeria,2024-07-26
126,Sarah White,Chicago,USA,2024-05-04
127,John Thomas,Accra,Ghana,2024-02-23
128,James Johnson,London,UK,2024-11-20
129,Olivia Smith,London,UK,2023-03-03
130,Samuel White,Manchester,UK,2023-05-25
131,Daniel Johnson,Manchester,UK,2023-08-04
132,James Martin,Melbourne,Australia,2023-01-03
133,David Anderson,Accra,Ghana,2023-06-09
134,Grace Martin,Accra,Ghana,2023-04-30
135,Daniel Wilson,Toronto,Canada,2023-03-30
136,Grace Smith,Manchester,UK,2023-11-25
137,Mary Smith,Accra,Ghana,2024-08-02
138,Ava Davis,Melbourne,Australia,2023-12-23
139,Michael Anderson,Paris,France,2024-09-01
140,Daniel White,Vancouver,Canada,2023-09-24
141,David Brown,Vancouver,Canada,2024-09-08
142,David Wilson,Paris,France,2023-11-19
143,Olivia Taylor,Berlin,Germany,2024-09-26
144,Olivia Smith,Melbourne,Australia,2024-06-24
145,Olivia Wilson,Accra,Ghana,2024-10-10
146,Samuel Smith,Lagos,Nigeria,2023-07-14
147,Olivia Wilson,Melbourne,Australia,2023-11-28
148,Emma Thomas,Paris,France,2023-06-19
149,Sarah Brown,Chicago,USA,2024-06-04
150,Ava White,Sydney,Australia,2024-04-07
151,David White,New York,USA,2023-02-09
152,Noah Johnson,Paris,France,2024-06-20
153,Ava Johnson,Lagos,Nigeria,2023-09-18
154,Mary Taylor,Accra,Ghana,2024-01-30
155,David White,Lagos,Nigeria,2023-08-14
156,Sarah Smith,Lagos,Nigeria,2023-05-04
157,Sarah Smith,Manchester,UK,2023-02-07
158,Ava Davis,Manchester,UK,2023-11-24
159,Sarah Thomas,Toronto,Canada,2023-09-08
160,Olivia Anderson,Paris,France,2023-06-25
161,David Smith,Toronto,Canada,2024-08-24
162,John Brown,Paris,France,2024-03-29
163,Emma Anderson,Melbourne,Australia,2023-02-06
164,Emma Taylor,New York,USA,2023-11-12
165,Emma Brown,Lagos,Nigeria,2024-11-18
166,Emma Thomas,Melbourne,Australia,2024-08-15
167,Samuel Johnson,Sydney,Australia,2023-04-24
168,Michael Smith,Vancouver,Canada,2023-02-09
169,Grace Smith,London,UK,2023-10-28
170,Michael Brown,Paris,France,2023-08-12
171,Sarah Brown,Sydney,Australia,2023-11-14
172,John Smith,Vancouver,Canada,2023-12-15
173,Grace Davis,Accra,Ghana,2023-04-25
174,Emma Brown,Berlin,Germany,2024-11-28
175,Grace White,New York,USA,2023-11-19
176,Michael Thomas,Toronto,Canada,2024-07-21
177,Noah Smith,Toronto,Canada,2023-02-09
178,Ava Davis,Melbourne,Australia,2023-02-09
179,David Smith,Manchester,UK,2023-10-16
180,Sarah Davis,Vancouver,Canada,2023-09-19
181,James Smith,Berlin,Germany,2023-08-04
182,David Johnson,Sydney,Australia,2023-05-27
183,Daniel Martin,New York,USA,2023-12-02
184,Emma Martin,Vancouver,Canada,2023-06-17
185,David Thomas,Berlin,Germany,2023-04-02
186,Ava Thomas,London,UK,2023-12-19
187,Mary Taylor,Paris,France,2024-07-24
188,James Johnson,Toronto,Canada,2024-07-24
189,Samuel Martin,Sydney,Australia,2024-11-11
190,Mary Martin,Toronto,Canada,2023-12-29
191,John Thomas,Sydney,Australia,2024-07-10
192,John White,Melbourne,Australia,2023-12-11
193,Samuel Taylor,Manchester,UK,2024-11-23
194,James Martin,Sydney,Australia,2023-06-19
195,James Martin,Toronto,Canada,2023-12-22
196,David Johnson,Melbourne,Australia,2023-07-10
197,Daniel Thomas,Sydney,Australia,2024-10-28
198,Noah Martin,London,UK,2024-02-26
199,James White,Manchester,UK,2024-11-30
200,Sarah Wilson,Sydney,Australia,2023-01-07
201,John Thomas,Melbourne,Australia,2023-05-13
202,Ava Brown,Accra,Ghana,2024-07-10
203,James Johnson,Vancouver,Canada,2023-01-31
204,Mary Anderson,Chicago,USA,2024-06-18
205,Emma Brown,Berlin,Germany,2024-03-01
206,Daniel Martin,Chicago,USA,2024-01-29
207,Ava Taylor,Accra,Ghana,2024-11-02
208,Sophia Martin,Chicago,USA,2023-12-29
209,Emma Smith,Accra,Ghana,2024-03-12
210,Sarah Martin,New York,USA,2024-10-31
211,Emma Taylor,Accra,Ghana,2024-07-04
212,Samuel Davis,Accra,Ghana,2023-03-23
213,John Thomas,Lagos,Nigeria,2023-12-22
214,Michael Davis,Accra,Ghana,2023-09-15
215,James Wilson,London,UK,2024-12-18
216,Emma Wilson,Vancouver,Canada,2024-08-11
217,Ava Brown,Paris,France,2024-06-07
218,James Thomas,Sydney,Australia,2023-10-22
219,Sarah Johnson,Berlin,Germany,2023-08-12
220,Grace Martin,Manchester,UK,2024-06-08
221,Ava Brown,Vancouver,Canada,2023-02-15
222,John Thomas,Toronto,Canada,2024-10-28
223,David Martin,Paris,France,2023-04-23
224,James Martin,New York,USA,2023-08-21
225,Michael Martin,New York,USA,2023-01-17
226,Michael Anderson,Accra,Ghana,2023-12-26
227,Daniel Davis,Vancouver,Canada,2023-08-11
228,John Martin,Melbourne,Australia,2024-11-30
229,Sophia Smith,Lagos,Nigeria,2024-03-23
230,Mary Taylor,Chicago,USA,2023-12-31
231,Daniel Thomas,Toronto,Canada,2024-11-05
232,Noah Davis,New York,USA,2023-11-22
233,John Anderson,Berlin,Germany,2024-04-11
234,Michael Taylor,New York,USA,2024-02-18
235,Noah Anderson,Manchester,UK,2024-03-30
236,David Martin,Sydney,Australia,2024-08-08
237,David Davis,New York,USA,2023-08-21
238,Emma White,Manchester,UK,2023-08-12
239,Noah Davis,Vancouver,Canada,2024-02-16
240,John Wilson,Vancouver,Canada,2024-07-25
241,Michael Martin,Lagos,Nigeria,2023-12-01
242,Sophia Davis,Paris,France,2023-08-10
243,James Wilson,New York,USA,2023-02-06
244,John Davis,Berlin,Germany,2023-10-05
245,James Martin,New York,USA,2023-07-15
246,Sophia Taylor,Berlin,Germany,2024-04-28
247,Michael Wilson,London,UK,2023-08-30
248,Mary Wilson,Accra,Ghana,2023-11-20
249,Sophia Martin,Paris,France,2023-07-11
250,David Martin,London,UK,2023-01-17
251,John Thomas,New York,USA,2024-06-07
252,Michael Wilson,Paris,France,2024-02-05
253,Olivia Anderson,London,UK,2024-12-05
254,Mary Smith,Chicago,USA,2023-01-22
255,Grace Wilson,New York,USA,2024-04-18
256,Olivia Johnson,London,UK,2023-04-30
257,David Smith,Chicago,USA,2023-07-29
258,John Brown,Chicago,USA,2023-11-02
259,Samuel Davis,Vancouver,Canada,2023-09-27
260,Grace Brown,Lagos,Nigeria,2024-12-04
261,John Smith,New York,USA,2024-11-17
262,Olivia Martin,Chicago,USA,2023-10-12
263,Samuel Johnson,Vancouver,Canada,2024-12-16
264,Noah Brown,London,UK,2024-11-06
265,Mary Brown,Manchester,UK,2023-08-15
266,James Smith,New York,USA,2024-01-16
267,Sophia Thomas,Paris,France,2024-04-04
268,Noah Martin,Berlin,Germany,2023-01-07
269,Sophia Martin,Berlin,Germany,2023-01-29
270,Ava Johnson,London,UK,2023-02-02
271,David White,Melbourne,Australia,2024-10-07
272,James Wilson,Melbourne,Australia,2023-03-20
273,Sophia Davis,London,UK,2024-04-03
274,Mary Thomas,Chicago,USA,2024-07-23
275,Sarah White,Lagos,Nigeria,2024-06-21
276,Michael White,New York,USA,2024-04-26
277,Sarah Martin,Berlin,Germany,2024-03-05
278,Michael White,Berlin,Germany,2023-10-12
279,Olivia Brown,Lagos,Nigeria,2024-05-30
280,John Brown,Chicago,USA,2023-04-09
281,Sarah Johnson,Berlin,Germany,2024-02-01
282,John Anderson,Paris,France,2024-05-03
283,Olivia Anderson,New York,USA,2023-02-08
284,Ava Davis,Sydney,Australia,2023-09-28
285,Grace Smith,Berlin,Germany,2023-06-06
286,James Anderson,London,UK,2023-03-16
287,Daniel Brown,Paris,France,2023-05-10
288,Daniel Smith,Berlin,Germany,2024-11-17
289,John Wilson,Accra,Ghana,2023-03-25
290,Daniel Taylor,Paris,France,2023-01-22
291,Noah Brown,Vancouver,Canada,2024-04-03
292,John Wilson,Sydney,Australia,2024-06-22
293,Grace White,Toronto,Canada,2024-12-07
294,David White,London,UK,2024-01-17
295,James Wilson,London,UK,2024-03-15
296,David Martin,New York,USA,2024-08-26
297,Michael Davis,Lagos,Nigeria,2023-01-21
298,David White,Paris,France,2023-10-30
299,Sarah Davis,Chicago,USA,2023-03-25
300,Sarah Davis,London,UK,2024-10-20
301,James White,Paris,France,2024-03-28
302,James Davis,Paris,France,2024-01-22
303,Sophia Martin,Accra,Ghana,2024-05-21
304,James Martin,Manchester,UK,2023-09-14
305,Michael Brown,Manchester,UK,2024-07-23
306,James Johnson,Toronto,Canada,2024-06-10
307,Grace White,Vancouver,Canada,2023-06-11
308,Sophia Martin,Toronto,Canada,2023-06-12
309,Grace Smith,Berlin,Germany,2024-06-07
310,Noah Taylor,Chicago,USA,2023-09-28
311,James Thomas,Berlin,Germany,2024-05-06
312,Sophia White,Melbourne,Australia,2023-07-27
313,Mary Martin,Berlin,Germany,2024-06-22
314,Mary Davis,New York,USA,2024-08-06
315,Noah Davis,Berlin,Germany,2023-03-01
316,Emma Brown,Toronto,Canada,2024-03-05
317,Olivia Smith,London,UK,2024-10-18
318,Emma Wilson,London,UK,2024-08-27
319,John Anderson,Manchester,UK,2023-11-05
320,Daniel Wilson,Lagos,Nigeria,2024-06-03
321,Sarah Taylor,Chicago,USA,2024-08-13
322,Grace Brown,Chicago,USA,2023-01-27
323,Noah Taylor,New York,USA,2024-11-16
324,James Martin,Toronto,Canada,2024-07-15
325,Sophia Brown,Manchester,UK,2023-07-18
326,James Brown,Accra,Ghana,2024-01-22
327,Noah Johnson,Melbourne,Australia,2023-12-15
328,Grace Martin,Chicago,USA,2024-11-23
329,Sarah Thomas,London,UK,2024-06-19
330,Noah White,Berlin,Germany,2024-01-13
331,James Smith,Berlin,Germany,2024-07-11
332,David White,Lagos,Nigeria,2024-06-10
333,Grace Smith,Manchester,UK,2023-06-02
334,Daniel Thomas,Toronto,Canada,2023-07-25
335,John Taylor,Toronto,Canada,2024-03-30
336,Michael Taylor,Vancouver,Canada,2023-09-30
337,Sophia Davis,Sydney,Australia,2023-08-24
338,Emma Davis,Chicago,USA,2024-06-04
339,Samuel Davis,Toronto,Canada,2024-11-08
340,Sarah Brown,Lagos,Nigeria,2024-12-26
341,David Wilson,London,UK,2024-05-15
342,Daniel Johnson,Manchester,UK,2023-04-27
343,Daniel Smith,Melbourne,Australia,2024-01-21
344,Ava Smith,Vancouver,Canada,2023-12-10
345,Michael Taylor,Lagos,Nigeria,2024-08-06
346,Emma Brown,Paris,France,2024-01-30
347,James White,New York,USA,2023-03-05
348,Samuel Martin,Melbourne,Australia,2024-12-17
349,Olivia Taylor,Paris,France,2024-12-21
350,Grace Thomas,Accra,Ghana,2023-03-13
351,Grace Davis,Berlin,Germany,2023-10-01
352,Olivia Martin,New York,USA,2023-11-16
353,Grace Wilson,Chicago,USA,2023-12-04
354,Sophia Thomas,London,UK,2024-01-01
355,Sophia Johnson,New York,USA,2024-05-09
356,Grace Davis,Sydney,Australia,2024-08-29
357,Daniel Wilson,Paris,France,2023-06-15
358,Samuel Taylor,Chicago,USA,2024-06-27
359,John White,Sydney,Australia,2023-01-11
360,John Davis,Berlin,Germany,2023-10-28
361,Sarah Brown,Sydney,Australia,2024-12-29
362,Noah Taylor,Vancouver,Canada,2023-04-12
363,Mary Brown,Vancouver,Canada,2024-02-29
364,Michael White,Accra,Ghana,2024-01-27
365,Mary Martin,Manchester,UK,2023-08-02
366,Olivia Johnson,Melbourne,Australia,2024-11-21
367,Samuel Davis,Melbourne,Australia,2023-03-29
368,James Thomas,Chicago,USA,2024-07-06
369,John Taylor,Berlin,Germany,2024-02-05
370,John Johnson,Toronto,Canada,2024-08-10
371,John Davis,Accra,Ghana,2023-02-15
372,Sophia White,Vancouver,Canada,2024-11-02
373,Emma Smith,Chicago,USA,2024-04-07
374,Noah Smith,Toronto,Canada,2024-08-14
375,Mary White,Melbourne,Australia,2023-11-06
376,David Smith,Manchester,UK,2023-03-27
377,Michael Anderson,Sydney,Australia,2023-04-02
378,Emma Smith,Vancouver,Canada,2024-10-21
379,Michael Davis,Chicago,USA,2024-11-03
380,Emma Brown,New York,USA,2024-12-14
381,Michael Anderson,Toronto,Canada,2023-08-30
382,Michael Davis,Sydney,Australia,2023-01-02
383,Michael Martin,Vancouver,Canada,2023-08-13
384,Sophia Brown,Melbourne,Australia,2024-08-11
385,John Davis,Lagos,Nigeria,2023-04-26
386,Ava White,Berlin,Germany,2024-10-27
387,Ava Smith,Toronto,Canada,2023-04-13
388,David Wilson,Melbourne,Australia,2023-07-13
389,Ava Smith,Vancouver,Canada,2023-06-15
390,John Thomas,Toronto,Canada,2023-03-31
391,Mary Thomas,Accra,Ghana,2024-11-16
392,James Martin,Sydney,Australia,2023-05-02
393,Sophia Johnson,Vancouver,Canada,2023-05-23
394,Emma Taylor,Accra,Ghana,2023-04-16
395,David Johnson,Paris,France,2024-03-03
396,Grace Smith,Chicago,USA,2023-11-01
397,Emma Davis,Lagos,Nigeria,2023-11-13
398,Ava White,Sydney,Australia,2024-09-26
399,John Anderson,Toronto,Canada,2023-01-09
400,Michael Davis,Berlin,Germany,2023-03-14
401,Ava Johnson,Melbourne,Australia,2023-12-25
402,Samuel Brown,New York,USA,2023-08-11
403,James Taylor,Melbourne,Australia,2024-02-20
404,Grace Johnson,Toronto,Canada,2024-07-06
405,Emma Johnson,Lagos,Nigeria,2024-01-05
406,Mary Johnson,Melbourne,Australia,2024-12-16
407,Ava Brown,Chicago,USA,2023-09-21
408,Mary Wilson,Lagos,Nigeria,2024-11-20
409,Daniel Taylor,Vancouver,Canada,2023-11-14
410,John Thomas,Accra,Ghana,2023-03-25
411,Grace Anderson,New York,USA,2023-11-14
412,Sophia Brown,London,UK,2023-04-21
413,John Davis,Toronto,Canada,2023-09-08
414,Noah Wilson,Manchester,UK,2024-01-18
415,Sophia Thomas,London,UK,2023-01-07
416,John Martin,Melbourne,Australia,2024-04-03
417,John Wilson,Toronto,Canada,2023-03-25
418,Olivia Davis,Accra,Ghana,2023-07-27
419,Mary Taylor,Paris,France,2024-01-25
420,Michael Johnson,Accra,Ghana,2023-11-10
421,Noah Brown,Manchester,UK,2023-01-22
422,Daniel Anderson,New York,USA,2024-02-14
423,James Taylor,Accra,Ghana,2024-05-29
424,Olivia Wilson,Berlin,Germany,2023-05-07
425,Olivia Wilson,Paris,France,2024-11-30
426,Olivia White,London,UK,2023-01-14
427,David Brown,Vancouver,Canada,2023-01-12
428,Samuel Johnson,Chicago,USA,2023-03-28
429,Noah Martin,Berlin,Germany,2024-06-07
430,David Brown,Paris,France,2024-06-20
431,Michael Davis,Vancouver,Canada,2023-10-28
432,Mary Martin,Vancouver,Canada,2023-08-31
433,Noah Taylor,Toronto,Canada,2023-05-02
434,Michael Taylor,Paris,France,2023-05-27
435,John Davis,New York,USA,2024-07-20
436,Daniel Martin,Melbourne,Australia,2023-12-22
437,Ava Johnson,Manchester,UK,2024-11-15
438,John Martin,Manchester,UK,2024-09-22
439,Noah White,London,UK,2023-11-05
440,Sophia White,London,UK,2024-11-25
441,Daniel Taylor,Manchester,UK,2023-10-15
442,Olivia Smith,Accra,Ghana,2023-11-03
443,Sophia Wilson,New York,USA,2024-08-16
444,John Thomas,Accra,Ghana,2024-12-23
445,John Brown,Accra,Ghana,2024-10-23
446,Noah Wilson,Chicago,USA,2024-07-02
447,Olivia Taylor,Sydney,Australia,2023-12-18
448,Ava Martin,Melbourne,Australia,2023-11-08
449,Grace Anderson,Chicago,USA,2023-02-28
450,Ava Thomas,Toronto,Canada,2024-10-04
451,Mary Martin,Sydney,Australia,2024-12-14
452,Ava Thomas,Sydney,Australia,2023-02-04
453,David Anderson,Paris,France,2024-03-20
454,David Anderson,New York,USA,2023-04-03
455,Ava Johnson,New York,USA,2023-07-26
456,Sophia Taylor,Sydney,Australia,2023-12-19
457,David Brown,Accra,Ghana,2023-11-28
458,Daniel Anderson,Paris,France,2024-12-25
459,Michael Martin,Melbourne,Australia,2023-06-08
460,James White,Sydney,Australia,2023-01-24
461,John Anderson,Berlin,Germany,2024-02-08
462,Emma Martin,London,UK,2024-05-30
463,Ava White,London,UK,2023-12-30
464,John Wilson,Chicago,USA,2024-01-17
465,Daniel Wilson,Toronto,Canada,2024-06-15
466,Sophia Brown,Lagos,Nigeria,2023-06-01
467,Daniel Johnson,Lagos,Nigeria,2024-07-15
468,Sarah Taylor,London,UK,2024-11-19
469,Mary Thomas,Vancouver,Canada,2024-08-30
470,Olivia Smith,Chicago,USA,2024-09-08
471,Grace Brown,Lagos,Nigeria,2024-02-24
472,Sophia White,London,UK,2023-09-07
473,Michael Taylor,Toronto,Canada,2023-04-27
474,Sarah Martin,Lagos,Nigeria,2024-05-26
475,Mary Thomas,Accra,Ghana,2024-07-31
476,Samuel Taylor,Accra,Ghana,2023-12-01
477,Michael White,New York,USA,2024-02-22
478,John Davis,New York,USA,2023-10-22
479,Emma Davis,Melbourne,Australia,2024-01-06
480,Emma Taylor,Sydney,Australia,2023-07-05
481,James Wilson,Berlin,Germany,2023-09-03
482,Ava Thomas,New York,USA,2024-09-28
483,James White,Lagos,Nigeria,2023-09-25
484,James Brown,Paris,France,2024-10-04
485,David Thomas,London,UK,2023-08-25
486,Michael Wilson,Paris,France,2024-06-13
487,Olivia Taylor,Toronto,Canada,2024-07-05
488,Mary Wilson,New York,USA,2023-01-21
489,Grace Wilson,Berlin,Germany,2024-06-03
490,Emma Taylor,Toronto,Canada,2023-04-10
491,John Thomas,Vancouver,Canada,2024-04-22
492,Emma Brown,Vancouver,Canada,2024-08-21
493,Ava White,Paris,France,2023-10-25
494,Mary Thomas,Sydney,Australia,2024-06-09
495,Sophia Brown,Chicago,USA,2023-11-30
496,Noah Davis,Sydney,Australia,2023-01-02
497,Emma Martin,Lagos,Nigeria,2024-01-10
498,Emma Wilson,Accra,Ghana,2023-10-20
499,David Wilson,Melbourne,Australia,2024-07-06
500,John Wilson,Sydney,Australia,2023-11-14
